sample_barcode	num_contigs	total_length	N50	total_length_binned	read_n50	bp	study_group	perc_binned
ASYM00000001MP	7451	0.245	232680	192108274	3900	22.963047369	healthy_pouch	0.7828754476027995
ASYM00000002MP	9845	0.107	25011	59544258	1639	15.162326222	healthy_pouch	0.5554773096095871
ASYM00000003MP	12010	0.159	55359	98705047	1595	14.214044143	healthy_pouch	0.6197358081415133
ASYM00000005MP	24959	0.347	40371	211737145	2908	14.956502906	healthy_pouch	0.6102758060148988
ASYM00000006MP	8956	0.188	180529	149269024	2871	25.719059	healthy_pouch	0.7926600989778574
Asym00000007MP	27536	0.426	53091	251681384	2542	40.542610921	healthy_pouch	0.5906145855632864
ASYM00000007MP	14750	0.246	49395	160230777	2563	17.122948074	healthy_pouch	0.6516761926787823
ASYM00000008MP	16781	0.294	86767	203598556	3278	15.96882649	healthy_pouch	0.6921264842653191
ASYM00000009MP	10606	0.157	63947	112234494	2390	10.159634274	healthy_pouch	0.7139897304485927
ASYM00000010MP	8492	0.125	47381	82410380	1874	13.022637383	healthy_pouch	0.6579938510714236
ASYM00000011MP	14637	0.16	30713	91005879	2116	10.346171965	healthy_pouch	0.5694261844427336
ASYM00000012MP	23045	0.228	20486	118501886	2483	14.555916132	healthy_pouch	0.5205289667343798
ASYM00000013MP	14895	0.192	31107	103103882	3392	7.369174412	healthy_pouch	0.5373227445652125
ASYM00000014MP	9629	0.118	35646	66129606	2803	42.600556881	healthy_pouch	0.5590073377145242
ASYM00000015MP	15740	0.167	42014	84619540	2766	37.805121278	healthy_pouch	0.5063295426225344
ASYM00000016MP	10490	0.124	33108	74384997	1809	8.044911591	healthy_pouch	0.6004084860351325
ASYM00000017MP	8173	0.1	38828	63424503	2336	6.613356639	healthy_pouch	0.6344658114130555
ASYM00000018MP	27734	0.278	19495	144823926	2574	10.392507021	healthy_pouch	0.5205537008581981
ASYM00000019MP	2212	0.025	34603	15957387	2562	3.191634041	healthy_pouch	0.6346629990183783
ASYM00000020MP	NA	NA	NA	NA	4054	17.355005128	healthy_pouch	NA
ASYM00000021MP	11802	0.144	38603	94631422	1600	15.163388905	healthy_pouch	0.6566126894924141
ASYM00000022MP	NA	NA	NA	NA	3604	5.410541018	healthy_pouch	NA
ASYM00000023MP	10165	0.165	88114	106571827	2830	14.356122857	healthy_pouch	0.6466536800947621
ASYM00000025MP	13521	0.098	10899	59109707	1408	6.285247782	healthy_pouch	0.6041570668569698
ASYM00000026MP	21056	0.269	52083	180797447	1976	21.676001882	healthy_pouch	0.6728793248957019
ASYM00000027MP	NA	NA	NA	NA	2640	7.259978831	healthy_pouch	NA
ASYM00000028MP	8451	0.083	16691	32400738	1869	10.165601614	healthy_pouch	0.3923928245194587
ASYM00000029MP	5796	0.062	24533	44687123	2258	7.014859388	healthy_pouch	0.7235139291145789
ASYM00000030MP	12292	0.133	23188	75266300	2162	11.12838613	healthy_pouch	0.5652295472707053
ASYM00000031MP	NA	NA	NA	NA	2059	7.328690193	healthy_pouch	NA
ASYM00000032MP	10348	0.109	28654	61777542	1749	7.495822016	healthy_pouch	0.5681100466874822
ASYM00000033MP	9725	0.098	18830	56005029	3180	11.096526821	healthy_pouch	0.5743620894675893
ASYM00000034MP	NA	NA	NA	NA	2655	7.42355e-4	healthy_pouch	NA
ASYM00000035MP	NA	NA	NA	NA	1636	9.74358491	healthy_pouch	NA
ASYM00000036MP	NA	NA	NA	NA	2627	10.247343031	healthy_pouch	NA
ASYM00000037MP	10252	0.142	41243	92064390	2639	6.712736491	healthy_pouch	0.6466079200650359
ASYM00000038MP	14460	0.207	37053	138983991	2032	12.168685124	healthy_pouch	0.6727905354363335
ASYM00000039MP	8923	0.122	47779	75884158	3739	21.289428558	healthy_pouch	0.6199846476421114
ASYM00000040MP	8256	0.092	36913	62627490	1703	8.023960194	healthy_pouch	0.678011965858916
ASYM00000041MP	NA	NA	NA	NA	2890	3.278228453	healthy_pouch	NA
ASYM00000042MP	NA	NA	NA	NA	3450	11.950874393	healthy_pouch	NA
ASYM00000043MP	6013	0.095	61902	70996213	2937	5.524269785	healthy_pouch	0.7455287025011585
ASYM00000044MP	9499	0.128	71280	82501796	2759	22.025920818	healthy_pouch	0.6429419948801111
ASYM00000045MP	NA	NA	NA	NA	1936	14.839909809	healthy_pouch	NA
ASYM00000046MP	2977	0.061	67346	46248905	3892	4.230376631	healthy_pouch	0.7541065456954383
ASYM00000047MP	4103	0.086	60776	49080964	4759	8.994969524	healthy_pouch	0.572883756966987
ASYM00000049MP	NA	NA	NA	NA	1702	6.03865e-4	healthy_pouch	NA
ASYM00000050MP	NA	NA	NA	NA	1411	9.530986241	healthy_pouch	NA
DoBa00000008MP	31188	0.582	62958	372032492	3531	44.993967118	normal_gut	0.639369699503788
DoBa00000018MP	33869	0.676	87356	438906692	3546	48.085569576	normal_gut	0.6488825212145387
DoBa00000020MP	10581	0.328	147417	232602367	4797	48.721686565	normal_gut	0.7095929300809203
DoBa00000035MP	25862	0.782	111991	530335851	4627	47.579822522	normal_gut	0.6783199671828397
DoBa00000038MP	24721	0.593	77236	368782471	4604	34.03811765	normal_gut	0.622395668654732
DoBa00000041MP	17453	0.587	146732	403716538	5405	70.326278678	normal_gut	0.6883048491424252
DoBa00000044MP	29362	0.827	95932	535031519	4988	40.449156171	normal_gut	0.6468794682531663
DoBa00000058MP	27516	0.823	117830	553036583	4361	42.126301039	normal_gut	0.6723473548894839
DoBa00000059MP	29312	0.642	60353	382401012	4369	33.198096004	normal_gut	0.5955896639799164
DoBa00000084MP	12784	0.333	62295	192967942	5019	6.052231316	normal_gut	0.5787002461977906
DON100000001MP	6788	0.421	236100	302166225	10322	17.468848407	normal_gut	0.7180427393683428
DON100000002MP	22144	0.36	43733	221796133	2691	9.052961896	normal_gut	0.6158308202944016
DON200000002MP	17729	0.426	86343	272212072	4042	19.642152657	normal_gut	0.639003083715126
DON200000003MP	NA	NA	NA	NA	3447	14.69228389	normal_gut	NA
DON200000005MP	NA	NA	NA	NA	2560	15.226679177	normal_gut	NA
DON300000002MP	NA	NA	NA	NA	4252	17.332495585	normal_gut	NA
DON300000003MP	15585	0.236	49172	177842523	1743	14.94914529	normal_gut	0.7543062795649808
DoSc00000003MP	40852	0.608	42604	345991043	2935	35.823889302	normal_gut	0.569366651226283
DoSc00000017MP	14325	0.539	167264	364924597	5995	57.282934707	normal_gut	0.6767457595737052
DoSc00000018MP	18131	0.482	111542	319914266	4023	36.110349426	normal_gut	0.6643284759174192
FMTP00000001MP	2367	0.023	19048	16738374	1303	1.200260508	sick_pouch	0.7127481687214103
FMTP00000002MP	2259	0.021	18963	15517248	1744	1.688869884	sick_pouch	0.7305113770962145
FMTP00000003MP	1470	0.008	6216	2048176	731	0.680971908	sick_pouch	0.26342184901617566
FMTP00000004MP	8075	0.062	10755	32904258	1244	1.807446078	sick_pouch	0.5347918856077034
FMTP00000006MP	5190	0.155	159334	116550315	3660	10.370668812	sick_pouch	0.7507158979432869
FMTP00000007MP	7414	0.067	15435	38606686	1488	2.212194916	sick_pouch	0.5780867074523555
PaNP00000001MP	NA	NA	NA	NA	2667	7.648881406	sick_pouch	NA
PaNP00000006MP	NA	NA	NA	NA	3061	6.430842608	sick_pouch	NA
PaNP00000010MP	NA	NA	NA	NA	1192	2.496243032	sick_pouch	NA
PaNP00000015MP	NA	NA	NA	NA	3030	4.274944177	sick_pouch	NA
PaNP00000018MP	NA	NA	NA	NA	812	0.216494993	sick_pouch	NA
PaNP00000023MP	NA	NA	NA	NA	765	3.156464944	sick_pouch	NA
PaOp00000002MP	NA	NA	NA	NA	1155	0.774483949	sick_pouch	NA
PaOp00000008MP	NA	NA	NA	NA	873	2.350191317	sick_pouch	NA
PaOp00000009MP	NA	NA	NA	NA	1421	3.405670141	sick_pouch	NA
PaOp00000016MP	NA	NA	NA	NA	1930	2.989679234	sick_pouch	NA
PaOp00000024MP	NA	NA	NA	NA	2686	5.316104278	sick_pouch	NA
PaOp00000025MP	NA	NA	NA	NA	1418	2.432407707	sick_pouch	NA
PaOp00000033MP	NA	NA	NA	NA	637	0.435935925	sick_pouch	NA
PaOp00000040MP	NA	NA	NA	NA	1489	3.61144954	sick_pouch	NA
PaOp00000041MP	NA	NA	NA	NA	824	1.392247235	sick_pouch	NA
PaOp00000047MP	NA	NA	NA	NA	832	2.299963396	sick_pouch	NA
PaOp00000055MP	NA	NA	NA	NA	1983	4.204955923	sick_pouch	NA
PaOp00000062MP	NA	NA	NA	NA	900	1.165035328	sick_pouch	NA
PaOp00000065MP	NA	NA	NA	NA	1639	5.560080768	sick_pouch	NA
PaOp00000067MP	NA	NA	NA	NA	916	0.54087644	sick_pouch	NA
PAOP00000068MP	NA	NA	NA	NA	1041	1.754334795	sick_pouch	NA
PAOP00000069MP	NA	NA	NA	NA	623	2.721266689	sick_pouch	NA
PAOP00000074MP	NA	NA	NA	NA	3181	6.765391474	sick_pouch	NA
PAOP00000075MP	NA	NA	NA	NA	3339	5.97100966	sick_pouch	NA
PAOP00000082MP	NA	NA	NA	NA	1160	3.050082646	sick_pouch	NA
PAOP00000083MP	NA	NA	NA	NA	1384	3.458131156	sick_pouch	NA
PAOP00000090MP	NA	NA	NA	NA	2616	3.000509733	sick_pouch	NA
PAOP00000091MP	NA	NA	NA	NA	913	2.564365141	sick_pouch	NA
PaPr00000001MP	2620	0.027	40289	16022113	1580	1.647457444	sick_pouch	0.5884011389679329
PaPr00000002MP	NA	NA	NA	NA	2832	4.013789966	sick_pouch	NA
PaPr00000011MP	269	0.007	4787753	4919629	3411	6.112236138	sick_pouch	0.7362849110674362
PaPr00000022MP	6368	0.028	4843	6781451	775	1.182187132	sick_pouch	0.24217473375228454
PaPr00000031MP	6522	0.037	6831	20958827	807	2.237917566	sick_pouch	0.5681632352764971
PaPr00000035MP	2333	0.021	13361	9497468	1484	2.866751478	sick_pouch	0.45709828746027537
PaPr00000036MP	NA	NA	NA	NA	1584	2.405968552	sick_pouch	NA
PaPr00000045MP	2990	0.031	20507	20430225	1739	3.417908501	sick_pouch	0.6578954147802966
PaPr00000046MP	NA	NA	NA	NA	2770	4.511505246	sick_pouch	NA
PaPr00000056MP	5903	0.043	11333	21472153	993	2.228172126	sick_pouch	0.5022072449895525
PaPr00000064MP	2580	0.025	25692	17464536	1436	1.981102674	sick_pouch	0.7071135570327844
PaPr00000065MP	NA	NA	NA	NA	1379	0.112240828	sick_pouch	NA
PaPr00000088MP	764	0.014	627497	10156186	2644	5.884158778	sick_pouch	0.7006618497851554
PaPr00000094MP	2047	0.032	552878	21029102	2487	6.843205505	sick_pouch	0.6661133751204551
PaPr00000098MP	5273	0.046	12869	26235876	2229	3.357356796	sick_pouch	0.5760255943107828
PaPr00000107MP	5897	0.062	27152	28302282	2050	2.324919664	sick_pouch	0.4576146607009952
PaPr00000108MP	NA	NA	NA	NA	766	1.946434821	sick_pouch	NA
PaPr00000116MP	7710	0.077	17684	45392038	1252	4.30296897	sick_pouch	0.5866623223637747
PaPr00000126MP	4713	0.04	16278	26704456	965	1.923133272	sick_pouch	0.6747631812195873
PaPr00000136MP	6034	0.09	44017	56245110	1784	4.511236026	sick_pouch	0.6223236787140933
PaPr00000137MP	NA	NA	NA	NA	2152	5.051369378	sick_pouch	NA
PaPr00000146MP	2949	0.05	72929	32775994	2265	2.171242697	sick_pouch	0.6567856241190898
PaPr00000147MP	NA	NA	NA	NA	2832	4.682396731	sick_pouch	NA
PaPr00000172MP	4022	0.024	7163	8212253	1002	1.090266428	sick_pouch	0.3461925660851426
PaPr00000182MP	1480	0.015	16353	11617204	2384	3.157191175	sick_pouch	0.780108541766568
PaPr00000183MP	NA	NA	NA	NA	1403	3.809251987	sick_pouch	NA
PaPr00000191MP	NA	NA	NA	NA	464	0.195617706	sick_pouch	NA
PaPr00000192MP	NA	NA	NA	NA	2206	3.788453591	sick_pouch	NA
PaPr00000200MP	8697	0.045	5943	20532655	699	3.22068349	sick_pouch	0.4587897417957752
PaPr00000209MP	9072	0.108	27397	69281605	2253	6.505118834	sick_pouch	0.6437536289283393
PaPr00000210MP	NA	NA	NA	NA	1762	5.477096478	sick_pouch	NA
PaPr00000216MP	2034	0.05	184932	38964731	2109	4.264448874	sick_pouch	0.7846611530238762
PaPr00000223MP	6069	0.065	32313	38920294	1889	3.350989486	sick_pouch	0.5996472738680114
PaPr00000224MP	NA	NA	NA	NA	2351	3.71446474	sick_pouch	NA
PaPr00000231MP	8404	0.091	30888	59828320	1932	3.47625168	sick_pouch	0.6606233739021727
PaPr00000232MP	NA	NA	NA	NA	1615	5.306645468	sick_pouch	NA
PaPr00000238MP	6788	0.119	55699	82691367	2572	4.903695593	sick_pouch	0.6921345916621567
PaPr00000245MP	993	0.03	316500	24504829	1501	3.357858585	sick_pouch	0.8118315408478018
PAPR00000255MP	7450	0.144	66517	87926572	2610	11.300538762	sick_pouch	0.6109647609052915
POUC00000001MP	3470	0.04	24063	23833770	917	1.804403689	sick_pouch	0.6031051077807105
RASK00000001MP	26339	0.71	83586	444147031	4671	29.996850198	normal_gut	0.6259939893294506
RASK00000002MP	NA	NA	NA	NA	3007	34.570393412	normal_gut	NA
RASK00000003MP	12010	0.226	63488	149706784	2645	6.68255006	normal_gut	0.6614027402745841
RASK00000004MP	27551	0.487	51816	309859750	3066	16.075411393	normal_gut	0.6357155553468553
RASK00000005MP	13870	0.762	160008	465043744	8881	26.065175923	normal_gut	0.610542445777873
RASK00000006MP	17274	0.52	97695	336696352	4503	22.02280816	normal_gut	0.6479985368738902
RASK00000007MP	NA	NA	NA	NA	6799	48.320104819	normal_gut	NA
RASK00000008MP	NA	NA	NA	NA	3583	10.437648068	normal_gut	NA
RASK00000009MP	12853	0.654	221835	449321092	6906	57.678130658	normal_gut	0.6866718169372963
RASK00000010MP	16417	0.728	169391	484272744	5617	49.36494793	normal_gut	0.6655362541484823
RASK00000011MP	NA	NA	NA	NA	3406	27.327390245	normal_gut	NA
RASK00000012MP	NA	NA	NA	NA	5017	123.289375719	normal_gut	NA
RASK00000013MP	23267	1.455	200454	942363629	10839	112.608076197	normal_gut	0.6476445442269723
RASK00000014MP	NA	NA	NA	NA	3836	7.70744402	normal_gut	NA
RASK00000015MP	16596	0.727	157427	484678178	7034	28.760413436	normal_gut	0.666968286047937
RASK00000016MP	29940	0.664	64227	425000527	3944	22.848030941	normal_gut	0.6404644442867347
RASK00000017MP	49889	0.432	13765	202120696	1998	13.200899319	normal_gut	0.46805301723773907
RASK00000018MP	11401	0.276	59963	183634435	4185	6.120971857	normal_gut	0.6655639212133571
RASK00000019MP	14970	0.382	60468	224892445	5206	7.753622601	normal_gut	0.5885300731855582
RASK00000020MP	NA	NA	NA	NA	3785	20.125833689	normal_gut	NA
RASK00000021MP	17880	0.345	47299	214300338	3676	15.733085026	normal_gut	0.620491673641734
RASK00000022MP	25246	0.68	89851	472329602	3949	30.296362788	normal_gut	0.6948828974801381
RASK00000023MP	NA	NA	NA	NA	6149	10.556805817	normal_gut	NA
RASK00000024MP	NA	NA	NA	NA	4098	2.798783675	normal_gut	NA
RASK00000025MP	23464	0.663	98792	453011160	4138	54.902675823	normal_gut	0.6832818890050728
RASK00000027MP	52271	0.573	19334	286002002	2818	14.589619925	normal_gut	0.49915678087619075
RASK00000028MP	12303	0.291	84113	196680208	4074	22.388303644	normal_gut	0.676409819121575
RASK00000029MP	28921	0.667	82856	396401112	4450	30.795988658	normal_gut	0.5941070067827616
RASK00000030MP	37436	0.501	41905	286175342	2288	23.406659941	normal_gut	0.5717084347483218
RASK00000031MP	21839	0.585	95798	379584713	4017	25.609291123	normal_gut	0.6488004768554217
RASK00000032MP	34314	0.634	48488	396140848	3699	20.952870659	normal_gut	0.6245256433701953
RASK00000033MP	24392	0.627	72284	389986723	4692	20.382377433	normal_gut	0.6218352717146075
RASK00000034MP	23043	0.451	82454	269639724	4092	32.090455342	normal_gut	0.5984461637067003
RASK00000035MP	16068	0.56	165842	402473465	5118	60.997388303	normal_gut	0.719146489979516
RASK00000036MP	36233	0.372	18935	191772030	1975	13.487769705	normal_gut	0.5160531074461356
RASK00000037MP	24510	0.655	102086	441656920	4793	22.234010202	normal_gut	0.6744846137114494
RASK00000038MP	21475	0.348	54806	220804318	2607	16.133888941	normal_gut	0.633758286073269
RASK00000039MP	29182	0.381	29268	200266156	2105	11.16370773	normal_gut	0.5251049354924903
RASK00000040MP	25866	0.427	47479	252929972	2649	17.532734349	normal_gut	0.5925754974664589
RASK00000041MP	28247	0.433	50354	277929650	2752	17.599998278	normal_gut	0.6421628270881955
RASK00000042MP	21137	0.341	53539	229692199	2768	14.175119404	normal_gut	0.6735110942245756
RASK00000043MP	35741	0.449	27600	272615086	2803	18.581950292	normal_gut	0.607262889939603
RASK00000044MP	11368	0.358	106143	220838136	5117	10.980764739	normal_gut	0.6170370865106932
RASK00000045MP	NA	NA	NA	NA	4474	11.536294798	normal_gut	NA
RASK00000046MP	16554	0.488	142710	317944018	4188	28.964775465	normal_gut	0.6513682412761217
RASK00000047MP	NA	NA	NA	NA	4221	19.603640261	normal_gut	NA
RASK00000048MP	20859	0.363	38550	209084060	3697	11.285836792	normal_gut	0.5756396043171824
RASK00000049MP	33589	0.581	55285	355948133	3610	21.69835174	normal_gut	0.6130816396694118
RASK00000050MP	22219	0.272	23496	145771017	2458	6.154192889	normal_gut	0.5349445688704932
RASK00000051MP	NA	NA	NA	NA	4711	33.005042299	normal_gut	NA
RASK00000052MP	33987	0.473	36242	299977947	2762	18.153404739	normal_gut	0.6347445371577918
RASK00000053MP	29649	0.418	31304	236400656	3205	10.163949474	normal_gut	0.5660514207633339
RASK00000054MP	NA	NA	NA	NA	3273	12.934432605	normal_gut	NA
RASK00000055MP	42334	0.704	57750	429287700	3651	29.588094469	normal_gut	0.6101996701313611
RASK00000056MP	13174	0.3	48739	161837990	4685	4.120346702	normal_gut	0.5385826514329924
RASK00000057MP	25360	0.221	14780	125253943	1376	14.241216874	normal_gut	0.5673828915204087
RASK00000058MP	NA	NA	NA	NA	2003	16.761568712	normal_gut	NA
RASK00000059MP	NA	NA	NA	NA	6078	19.010213793	normal_gut	NA
RASK00000060MP	NA	NA	NA	NA	1658	25.967423104	normal_gut	NA
RASK00000061MP	3797	0.132	89238	84513718	3029	2.841510879	normal_gut	0.6398923634973571
RASK00000062MP	32458	0.426	30483	264961144	2153	16.495868809	normal_gut	0.6222461370954688
RASK00000063MP	16466	0.419	61844	245306938	4947	9.103149343	normal_gut	0.5853007182519936
RASK00000064MP	15713	0.515	117019	313114615	5321	30.510167791	normal_gut	0.608392471982085
RASK00000065MP	33871	0.428	36527	242165279	2623	27.499701898	normal_gut	0.5653343198049643
RASK00000066MP	20075	0.44	46961	229651533	4453	10.994842966	normal_gut	0.5220636088966792
RASK00000067MP	17540	0.543	131559	368949826	4376	36.291330543	normal_gut	0.6789851906662535
RASK00000068MP	38944	0.463	29035	256357711	2177	18.609016048	normal_gut	0.5531454561914337
RASK00000069MP	23924	0.767	109849	477884546	5598	33.884396004	normal_gut	0.6229195632146467
RASK00000070MP	31656	0.399	27012	216116022	2722	23.1806221	normal_gut	0.5413288678039602
RASK00000071MP	40399	0.545	29903	316403151	2953	17.737084277	normal_gut	0.5810481813447418
RASK00000072MP	NA	NA	NA	NA	6228	9.092243249	normal_gut	NA
RASK00000073MP	24692	0.705	100962	464547834	4024	32.956832067	normal_gut	0.6585721116114176
RASK00000074MP	NA	NA	NA	NA	2665	14.039687658	normal_gut	NA
RASK00000075MP	10795	0.295	72369	180389112	4998	7.57998183	normal_gut	0.6104597829135577
RASK00000076MP	10738	0.312	109289	221372970	4110	14.849133974	normal_gut	0.7096676924711366
RASK00000077MP	NA	NA	NA	NA	4685	36.028622005	normal_gut	NA
RASK00000078MP	NA	NA	NA	NA	4592	6.492750405	normal_gut	NA
RASK00000079MP	32752	0.294	16019	154365500	1368	15.73886112	normal_gut	0.5254717723156244
RASK00000080MP	25843	0.462	49032	243297062	3973	11.349230013	normal_gut	0.5260722660684498
RASK00000081MP	25248	0.778	111114	492807014	4021	36.700582719	normal_gut	0.6331847491215624
RASK00000082MP	26611	0.577	81576	365589932	3657	22.162891529	normal_gut	0.6333303941096988
RASK00000083MP	18379	0.421	74451	287925041	3543	27.337993984	normal_gut	0.6847012002674188
RASK00000084MP	52958	0.53	18734	264940502	1519	22.487794239	normal_gut	0.5002479219018668
RASK00000086MP	32515	0.426	34937	232761005	2405	16.456335168	normal_gut	0.5469661568384139
RASK00000087MP	32935	0.562	49362	320630524	3675	23.285373973	normal_gut	0.5701413421696331
RASK00000088MP	15200	0.391	85078	258880693	4069	21.971302199	normal_gut	0.6623668602167317
RASK00000089MP	NA	NA	NA	NA	1518	25.785884092	normal_gut	NA
RASK00000090MP	5712	0.158	77918	107620421	4619	2.758364412	normal_gut	0.6797585705585878
RASK00000091MP	NA	NA	NA	NA	2618	14.883664323	normal_gut	NA
RASK00000092MP	22063	0.743	128860	491271855	5532	46.660603213	normal_gut	0.6612246785852435
RASK00000093MP	NA	NA	NA	NA	3096	18.485776135	normal_gut	NA
RASK00000094MP	NA	NA	NA	NA	2750	38.059283737	normal_gut	NA
RASK00000095MP	31175	0.575	44492	332178181	4400	25.018457535	normal_gut	0.5774548862811907
RASK00000096MP	17845	0.578	116082	357906058	5355	30.776574748	normal_gut	0.619255989447143
RASK00000097MP	22799	0.335	32742	186685443	3331	9.814648386	normal_gut	0.5568131131141032
RASK00000098MP	NA	NA	NA	NA	2894	19.942251263	normal_gut	NA
